country_iso,country_name,year,total_cases,total_deaths,population,cases_per_100k,deaths_per_100k,mortality_rate
ABW,Aruba,2020,5373.0,49.0,108587,4948.11,45.13,0.911967
ABW,Aruba,2021,13701.0,132.0,107700,12721.5,122.56,0.963433
ABW,Aruba,2022,24839.0,99.0,107310,23147.0,92.26,0.398567
ABW,Aruba,2023,364.0,12.0,107359,339.05,11.18,3.2967
ABW,Aruba,2024,0.0,0.0,107624,0.0,0.0,0.0
AFG,Afghanistan,2020,52330.0,2189.0,39068979,133.94,5.6,4.18307
AFG,Afghanistan,2021,105729.0,5167.0,40000412,264.32,12.92,4.88702
AFG,Afghanistan,2022,49495.0,493.0,40578842,121.97,1.21,0.99606
AFG,Afghanistan,2023,22821.0,124.0,41454761,55.05,0.3,0.543359
AFG,Afghanistan,2024,4839.0,25.0,42647492,11.35,0.06,0.516636
AGO,Angola,2020,17433.0,405.0,33451132,52.11,1.21,2.32318
AGO,Angola,2021,59354.0,1352.0,34532429,171.88,3.92,2.27786
AGO,Angola,2022,28308.0,173.0,35635029,79.44,0.49,0.611135
AGO,Angola,2023,1833.0,7.0,36749906,4.99,0.02,0.381888
AGO,Angola,2024,559.0,0.0,37885849,1.48,0.0,0.0
ALB,Albania,2020,57146.0,1170.0,2837849,2013.71,41.23,2.04739
ALB,Albania,2021,151753.0,2042.0,2811666,5397.26,72.63,1.34561
ALB,Albania,2022,123869.0,384.0,2777689,4459.43,13.82,0.310005
ALB,Albania,2023,1828.0,8.0,2745972,66.57,0.29,0.437637
ALB,Albania,2024,2600.0,4.0,2714617,95.78,0.15,0.153846
AND,Andorra,2020,7983.0,84.0,77380,10316.6,108.56,1.05224
AND,Andorra,2021,15139.0,56.0,78364,19318.8,71.46,0.369906
AND,Andorra,2022,24629.0,18.0,79705,30900.2,22.58,0.0730845
AND,Andorra,2023,264.0,1.0,80856,326.51,1.24,0.378788
AND,Andorra,2024,0.0,0.0,81938,0.0,0.0,0.0
ARE,United Arab Emirates,2020,206092.0,665.0,9401038,2192.23,7.07,0.322671
ARE,United Arab Emirates,2021,553419.0,1497.0,9575152,5779.74,15.63,0.2705
ARE,United Arab Emirates,2022,287407.0,186.0,10074977,2852.68,1.85,0.0647165
ARE,United Arab Emirates,2023,20112.0,1.0,10483751,191.84,0.01,0.0049721
ARE,United Arab Emirates,2024,0.0,0.0,10876981,0.0,0.0,0.0
ARG,Argentina,2020,1674319.0,48271.0,45191965,3704.9,106.81,2.88302
ARG,Argentina,2021,4106203.0,69905.0,45312281,9062.01,154.27,1.70242
ARG,Argentina,2022,4110617.0,11948.0,45407904,9052.65,26.31,0.290662
ARG,Argentina,2023,153818.0,348.0,45538401,337.78,0.76,0.226241
ARG,Argentina,2024,65805.0,264.0,45696159,144.01,0.58,0.401185
ARM,Armenia,2020,159409.0,2823.0,2961500,5382.71,95.32,1.77092
ARM,Armenia,2021,185521.0,5149.0,2962300,6262.74,173.82,2.77543
ARM,Armenia,2022,100690.0,738.0,2969200,3391.15,24.86,0.732943
ARM,Armenia,2023,5806.0,65.0,2964300,195.86,2.19,1.11953
ARM,Armenia,2024,2644.0,9.0,3033500,87.16,0.3,0.340393
ASM,American Samoa,2020,0.0,0.0,49761,0.0,0.0,0.0
ASM,American Samoa,2021,11.0,0.0,49225,22.35,0.0,0.0
ASM,American Samoa,2022,8274.0,34.0,48342,17115.6,70.33,0.410926
ASM,American Samoa,2023,74.0,0.0,47521,155.72,0.0,0.0
ASM,American Samoa,2024,0.0,0.0,46765,0.0,0.0,0.0
ATG,Antigua and Barbuda,2020,158.0,5.0,91846,172.03,5.44,3.16456
ATG,Antigua and Barbuda,2021,4145.0,114.0,92349,4488.41,123.44,2.7503
ATG,Antigua and Barbuda,2022,4811.0,27.0,92840,5182.03,29.08,0.561214
ATG,Antigua and Barbuda,2023,0.0,0.0,93316,0.0,0.0,0.0
ATG,Antigua and Barbuda,2024,0.0,0.0,93772,0.0,0.0,0.0
AUS,Australia,2020,28381.0,920.0,25649248,110.65,3.59,3.24161
AUS,Australia,2021,338226.0,1523.0,25685412,1316.8,5.93,0.450291
AUS,Australia,2022,10418952.0,16467.0,26014399,40050.7,63.3,0.158048
AUS,Australia,2023,935976.0,5510.0,26652777,3511.74,20.67,0.58869
AUS,Australia,2024,139626.0,892.0,27204809,513.24,3.28,0.638849
AUT,Austria,2020,352657.0,7379.0,8916864,3954.94,82.75,2.0924
AUT,Austria,2021,911872.0,9318.0,8955797,10181.9,104.04,1.02185
AUT,Austria,2022,4436317.0,4937.0,9041851,49064.3,54.6,0.111286
AUT,Austria,2023,381324.0,900.0,9131761,4175.8,9.86,0.23602
AUT,Austria,2024,876.0,0.0,9178482,9.54,0.0,0.0
AZE,Azerbaijan,2020,216584.0,2575.0,10093121,2145.86,25.51,1.18892
AZE,Azerbaijan,2021,399768.0,5771.0,10137750,3943.36,56.93,1.44359
AZE,Azerbaijan,2022,209959.0,1662.0,10141756,2070.24,16.39,0.791583
AZE,Azerbaijan,2023,7943.0,345.0,10153958,78.23,3.4,4.34345
AZE,Azerbaijan,2024,2244.0,0.0,10202850,21.99,0.0,0.0
BDI,Burundi,2020,818.0,2.0,12617036,6.48,0.02,0.244499
BDI,Burundi,2021,29732.0,12.0,12965481,229.32,0.09,0.0403605
BDI,Burundi,2022,21612.0,1.0,13321097,162.24,0.01,0.004627
BDI,Burundi,2023,2404.0,0.0,13689450,17.56,0.0,0.0
BDI,Burundi,2024,108.0,0.0,14047786,0.77,0.0,0.0
BEL,Belgium,2020,645277.0,19638.0,11538604,5592.33,170.19,3.04334
BEL,Belgium,2021,1451435.0,8679.0,11586195,12527.3,74.91,0.59796
BEL,Belgium,2022,2588192.0,5002.0,11680210,22158.8,42.82,0.193262
BEL,Belgium,2023,163841.0,1020.0,11787423,1389.96,8.65,0.622555
BEL,Belgium,2024,43995.0,0.0,11876844,370.43,0.0,0.0
BEN,Benin,2020,3251.0,44.0,13070169,24.87,0.34,1.35343
BEN,Benin,2021,21793.0,117.0,13413417,162.47,0.87,0.53687
BEN,Benin,2022,2942.0,2.0,13759501,21.38,0.01,0.0679809
BEN,Benin,2023,50.0,0.0,14111034,0.35,0.0,0.0
BEN,Benin,2024,0.0,0.0,14462724,0.0,0.0,0.0
BFA,Burkina Faso,2020,6707.0,85.0,21478690,31.23,0.4,1.26733
BFA,Burkina Faso,2021,10925.0,233.0,21995243,49.67,1.06,2.13272
BFA,Burkina Faso,2022,4391.0,77.0,22509038,19.51,0.34,1.75359
BFA,Burkina Faso,2023,86.0,5.0,23025776,0.37,0.02,5.81395
BFA,Burkina Faso,2024,55.0,0.0,23548781,0.23,0.0,0.0
BGD,Bangladesh,2020,513510.0,7559.0,166298024,308.79,4.55,1.47203
BGD,Bangladesh,2021,1072029.0,20519.0,167658854,639.41,12.24,1.91403
BGD,Bangladesh,2022,451586.0,1368.0,169384897,266.6,0.81,0.302932
BGD,Bangladesh,2023,9167.0,37.0,171466990,5.35,0.02,0.403622
BGD,Bangladesh,2024,5253.0,22.0,173562364,3.03,0.01,0.418808
BGR,Bulgaria,2020,197384.0,7123.0,6550696,3013.18,108.74,3.6087
BGR,Bulgaria,2021,536498.0,23405.0,6507301,8244.55,359.67,4.36255
BGR,Bulgaria,2022,546735.0,7508.0,6465097,8456.72,116.13,1.37324
BGR,Bulgaria,2023,42961.0,594.0,6446596,666.41,9.21,1.38265
BGR,Bulgaria,2024,14655.0,132.0,6444366,227.41,2.05,0.900716
BHR,Bahrain,2020,92425.0,352.0,1472204,6278.0,23.91,0.380849
BHR,Bahrain,2021,188981.0,1042.0,1504365,12562.2,69.27,0.551378
BHR,Bahrain,2022,415208.0,142.0,1524693,27232.2,9.31,0.0341997
BHR,Bahrain,2023,0.0,0.0,1577059,0.0,0.0,0.0
BHR,Bahrain,2024,0.0,0.0,1588670,0.0,0.0,0.0
BHS,Bahamas,2020,7857.0,180.0,395863,1984.78,45.47,2.29095
BHS,Bahamas,2021,16619.0,547.0,396373,4192.77,138.0,3.29141
BHS,Bahamas,2022,13015.0,116.0,397538,3273.9,29.18,0.891279
BHS,Bahamas,2023,656.0,13.0,399440,164.23,3.25,1.98171
BHS,Bahamas,2024,980.0,3.0,401283,244.22,0.75,0.306122
BIH,Bosnia and Herzegovina,2020,110985.0,4050.0,3299349,3363.85,122.75,3.64914
BIH,Bosnia and Herzegovina,2021,179486.0,9378.0,3244907,5531.31,289.01,5.22492
BIH,Bosnia and Herzegovina,2022,110622.0,2806.0,3204802,3451.76,87.56,2.53657
BIH,Bosnia and Herzegovina,2023,2415.0,146.0,3185073,75.82,4.58,6.04555
BIH,Bosnia and Herzegovina,2024,641.0,24.0,3164253,20.26,0.76,3.74415
BLR,Belarus,2020,192361.0,1414.0,9379952,2050.77,15.07,0.735076
BLR,Belarus,2021,505239.0,4147.0,9302585,5431.17,44.58,0.8208
BLR,Belarus,2022,296437.0,1557.0,9228071,3212.34,16.87,0.525238
BLR,Belarus,2023,0.0,0.0,9178298,0.0,0.0,0.0
BLR,Belarus,2024,8.0,0.0,9133712,0.09,0.0,0.0
BLZ,Belize,2020,10668.0,241.0,390812,2729.7,61.67,2.25909
BLZ,Belize,2021,21399.0,357.0,395346,5412.73,90.3,1.6683
BLZ,Belize,2022,37927.0,91.0,402733,9417.41,22.6,0.239935
BLZ,Belize,2023,1437.0,0.0,411106,349.54,0.0,0.0
BLZ,Belize,2024,47.0,0.0,417072,11.27,0.0,0.0
BMU,Bermuda,2020,595.0,10.0,64382,924.17,15.53,1.68067
BMU,Bermuda,2021,5736.0,96.0,64648,8872.66,148.5,1.67364
BMU,Bermuda,2022,12291.0,47.0,64749,18982.5,72.59,0.382394
BMU,Bermuda,2023,238.0,12.0,64698,367.86,18.55,5.04202
BMU,Bermuda,2024,0.0,0.0,64636,0.0,0.0,0.0
BRA,Brazil,2020,7563551.0,192681.0,208660842,3624.81,92.34,2.54749
BRA,Brazil,2021,14700856.0,426136.0,209550294,7015.43,203.36,2.89872
BRA,Brazil,2022,14038581.0,74917.0,210306415,6675.3,35.62,0.533651
BRA,Brazil,2023,1209506.0,8382.0,211140729,572.84,3.97,0.69301
BRA,Brazil,2024,14856.0,79.0,211998573,7.01,0.04,0.531772
BRB,Barbados,2020,372.0,7.0,281698,132.06,2.48,1.88172
BRB,Barbados,2021,27938.0,253.0,282147,9901.93,89.67,0.905577
BRB,Barbados,2022,77205.0,308.0,282318,27346.8,109.1,0.398938
BRB,Barbados,2023,2279.0,25.0,282336,807.19,8.85,1.09697
BRB,Barbados,2024,1043.0,0.0,282467,369.25,0.0,0.0
BTN,Bhutan,2020,671.0,0.0,770006,87.14,0.0,0.0
BTN,Bhutan,2021,1990.0,3.0,775442,256.63,0.39,0.150754
BTN,Bhutan,2022,59871.0,18.0,780914,7666.79,2.3,0.0300646
BTN,Bhutan,2023,166.0,0.0,786385,21.11,0.0,0.0
BTN,Bhutan,2024,0.0,0.0,791524,0.0,0.0,0.0
BWA,Botswana,2020,14637.0,43.0,2365894,618.67,1.82,0.293776
BWA,Botswana,2021,207416.0,2409.0,2401441,8637.15,100.31,1.16143
BWA,Botswana,2022,105978.0,334.0,2439892,4343.55,13.69,0.31516
BWA,Botswana,2023,2386.0,14.0,2480244,96.2,0.56,0.586756
BWA,Botswana,2024,282.0,1.0,2521139,11.19,0.04,0.35461
CAF,Central African Republic,2020,5818.0,63.0,5026628,115.74,1.25,1.08285
CAF,Central African Republic,2021,6636.0,38.0,5112100,129.81,0.74,0.572634
CAF,Central African Republic,2022,2906.0,12.0,5098039,57.0,0.24,0.412939
CAF,Central African Republic,2023,80.0,0.0,5152421,1.55,0.0,0.0
CAF,Central African Republic,2024,3.0,0.0,5330690,0.06,0.0,0.0
CAN,Canada,2020,565508.0,15274.0,38028638,1487.06,40.16,2.70093
CAN,Canada,2021,1536966.0,14684.0,38239864,4019.28,38.4,0.955389
CAN,Canada,2022,2390310.0,19144.0,38935934,6139.08,49.17,0.8009
CAN,Canada,2023,281456.0,5670.0,40083484,702.17,14.15,2.01452
CAN,Canada,2024,44819.0,841.0,41288599,108.55,2.04,1.87644
CHE,Switzerland,2020,451142.0,7528.0,8638167,5222.66,87.15,1.66865
CHE,Switzerland,2021,883690.0,4393.0,8704546,10152.0,50.47,0.49712
CHE,Switzerland,2022,3045631.0,1961.0,8777088,34699.8,22.34,0.0643873
CHE,Switzerland,2023,66478.0,288.0,8888093,747.94,3.24,0.433226
CHE,Switzerland,2024,28897.0,0.0,9034102,319.87,0.0,0.0
CHL,Chile,2020,605950.0,16499.0,19370624,3128.19,85.18,2.72283
CHL,Chile,2021,1198732.0,22597.0,19456334,6161.14,116.14,1.88508
CHL,Chile,2022,3227670.0,24053.0,19553036,16507.3,123.01,0.745212
CHL,Chile,2023,300625.0,2598.0,19658835,1529.21,13.22,0.8642
CHL,Chile,2024,76988.0,633.0,19764771,389.52,3.2,0.822206
CHN,China,2020,96673.0,4788.0,1411100000,6.85,0.34,4.95278
CHN,China,2021,35398.0,911.0,1412360000,2.51,0.06,2.57359
CHN,China,2022,84792971.0,46845.0,1412175000,6004.42,3.32,0.0552463
CHN,China,2023,14397685.0,69411.0,1410710000,1020.6,4.92,0.482098
CHN,China,2024,58852.0,528.0,1408975000,4.18,0.04,0.897166
CMR,Cameroon,2020,26848.0,448.0,26210558,102.43,1.71,1.66865
CMR,Cameroon,2021,82818.0,1405.0,26915758,307.69,5.22,1.69649
CMR,Cameroon,2022,14327.0,112.0,27632771,51.85,0.41,0.781741
CMR,Cameroon,2023,1144.0,9.0,28372687,4.03,0.03,0.786713
CMR,Cameroon,2024,142.0,0.0,29123744,0.49,0.0,0.0
COG,Congo,2020,6431.0,100.0,5752791,111.79,1.74,1.55497
COG,Congo,2021,14846.0,269.0,5892183,251.96,4.57,1.81194
COG,Congo,2022,3848.0,17.0,6035104,63.76,0.28,0.441788
COG,Congo,2023,150.0,3.0,6182885,2.43,0.05,2.0
COG,Congo,2024,21.0,0.0,6332961,0.33,0.0,0.0
COL,Colombia,2020,1614912.0,42620.0,50629997,3189.63,84.18,2.63915
COL,Colombia,2021,3523781.0,87246.0,51188173,6883.97,170.44,2.47592
COL,Colombia,2022,1206512.0,12313.0,51737944,2331.97,23.8,1.02055
COL,Colombia,2023,20879.0,548.0,52321152,39.91,1.05,2.62465
COL,Colombia,2024,28708.0,0.0,52886363,54.28,0.0,0.0
COM,Comoros,2020,695.0,9.0,802163,86.64,1.12,1.29496
COM,Comoros,2021,5820.0,148.0,818174,711.34,18.09,2.54296
COM,Comoros,2022,2470.0,4.0,834188,296.1,0.48,0.161943
COM,Comoros,2023,124.0,0.0,850387,14.58,0.0,0.0
COM,Comoros,2024,0.0,0.0,866628,0.0,0.0,0.0
CPV,Cape Verde,2020,11793.0,112.0,514679,2291.33,21.76,0.949716
CPV,Cape Verde,2021,28945.0,240.0,516649,5602.45,46.45,0.829159
CPV,Cape Verde,2022,22462.0,60.0,519741,4321.77,11.54,0.267118
CPV,Cape Verde,2023,1274.0,5.0,522331,243.91,0.96,0.392465
CPV,Cape Verde,2024,0.0,0.0,524877,0.0,0.0,0.0
CRI,Costa Rica,2020,166799.0,2156.0,5034320,3313.24,42.83,1.29257
CRI,Costa Rica,2021,404161.0,5198.0,5059988,7987.39,102.73,1.28612
CRI,Costa Rica,2022,595882.0,1731.0,5081765,11725.9,34.06,0.290494
CRI,Costa Rica,2023,63710.0,281.0,5105525,1247.86,5.5,0.441061
CRI,Costa Rica,2024,5317.0,8.0,5129910,103.65,0.16,0.150461
CUB,Cuba,2020,11687.0,145.0,11176354,104.57,1.3,1.24069
CUB,Cuba,2021,953884.0,8177.0,11122168,8576.42,73.52,0.857232
CUB,Cuba,2022,146401.0,208.0,11059820,1323.72,1.88,0.142075
CUB,Cuba,2023,1622.0,0.0,11019931,14.72,0.0,0.0
CUB,Cuba,2024,68.0,0.0,10979783,0.62,0.0,0.0
CYM,Cayman Islands,2020,326.0,2.0,68684,474.64,2.91,0.613497
CYM,Cayman Islands,2021,8492.0,9.0,70108,12112.7,12.84,0.105982
CYM,Cayman Islands,2022,22654.0,26.0,71591,31643.6,36.32,0.11477
CYM,Cayman Islands,2023,0.0,0.0,73038,0.0,0.0,0.0
CYM,Cayman Islands,2024,0.0,0.0,74457,0.0,0.0,0.0
CYP,Cyprus,2020,22347.0,122.0,1302247,1716.03,9.37,0.545934
CYP,Cyprus,2021,139432.0,524.0,1317309,10584.6,39.78,0.37581
CYP,Cyprus,2022,469332.0,612.0,1331370,35251.8,45.97,0.130398
CYP,Cyprus,2023,44364.0,106.0,1344976,3298.5,7.88,0.238932
CYP,Cyprus,2024,36107.0,0.0,1358282,2658.28,0.0,0.0
DEU,Germany,2020,1660178.0,47009.0,83160871,1996.35,56.53,2.83156
DEU,Germany,2021,5353865.0,70683.0,83196078,6435.24,84.96,1.32022
DEU,Germany,2022,30227893.0,48046.0,83797985,36072.3,57.34,0.158946
DEU,Germany,2023,1195820.0,9241.0,83901923,1425.26,11.01,0.772775
DEU,Germany,2024,,,83510950,,,0.0
DJI,Djibouti,2020,5824.0,61.0,1105188,526.97,5.52,1.04739
DJI,Djibouti,2021,7808.0,128.0,1121248,696.37,11.42,1.63934
DJI,Djibouti,2022,2058.0,0.0,1137096,180.99,0.0,0.0
DJI,Djibouti,2023,0.0,0.0,1152944,0.0,0.0,0.0
DJI,Djibouti,2024,0.0,0.0,1168722,0.0,0.0,0.0
DMA,Dominica,2020,96.0,0.0,67573,142.07,0.0,0.0
DMA,Dominica,2021,6718.0,47.0,67202,9996.73,69.94,0.699613
DMA,Dominica,2022,8946.0,27.0,66826,13387.0,40.4,0.301811
DMA,Dominica,2023,287.0,0.0,66510,431.51,0.0,0.0
DMA,Dominica,2024,0.0,0.0,66205,0.0,0.0,0.0
DNK,Denmark,2020,161230.0,1256.0,5831404,2764.86,21.54,0.779011
DNK,Denmark,2021,622472.0,2000.0,5856733,10628.3,34.15,0.321299
DNK,Denmark,2022,2604737.0,4526.0,5903037,44125.4,76.67,0.17376
DNK,Denmark,2023,43907.0,1711.0,5946952,738.31,28.77,3.89687
DNK,Denmark,2024,13266.0,519.0,5976992,221.95,8.68,3.91226
DOM,Dominican Republic,2020,169579.0,2409.0,11008300,1540.46,21.88,1.42058
DOM,Dominican Republic,2021,247689.0,1837.0,11123476,2226.72,16.51,0.741656
DOM,Dominican Republic,2022,241741.0,138.0,11230734,2152.5,1.23,0.0570858
DOM,Dominican Republic,2023,2094.0,0.0,11331265,18.48,0.0,0.0
DOM,Dominican Republic,2024,0.0,0.0,11427557,0.0,0.0,0.0
DZA,Algeria,2020,99311.0,2751.0,44042091,225.49,6.25,2.77009
DZA,Algeria,2021,118726.0,3520.0,44761099,265.24,7.86,2.96481
DZA,Algeria,2022,53180.0,610.0,45477389,116.94,1.34,1.14705
DZA,Algeria,2023,793.0,0.0,46164219,1.72,0.0,0.0
DZA,Algeria,2024,197.0,0.0,46814308,0.42,0.0,0.0
ECU,Ecuador,2020,223764.0,14023.0,17546065,1275.29,79.92,6.26687
ECU,Ecuador,2021,334288.0,19646.0,17682454,1890.51,111.1,5.87697
ECU,Ecuador,2022,498949.0,2279.0,17823897,2799.33,12.79,0.45676
ECU,Ecuador,2023,23650.0,76.0,17980083,131.53,0.42,0.321353
ECU,Ecuador,2024,10614.0,32.0,18135478,58.53,0.18,0.301488
EGY,Egypt,2020,136644.0,7576.0,109315124,125.0,6.93,5.54433
EGY,Egypt,2021,248084.0,14151.0,110957008,223.59,12.75,5.70412
EGY,Egypt,2022,130805.0,3075.0,112618250,116.15,2.73,2.35083
EGY,Egypt,2023,490.0,28.0,114535772,0.43,0.02,5.71429
EGY,Egypt,2024,0.0,0.0,116538258,0.0,0.0,0.0
ERI,Eritrea,2020,1252.0,1.0,3291271,38.04,0.03,0.0798722
ERI,Eritrea,2021,6730.0,74.0,3350183,200.88,2.21,1.09955
ERI,Eritrea,2022,2207.0,28.0,3409447,64.73,0.82,1.26869
ERI,Eritrea,2023,0.0,0.0,3470390,0.0,0.0,0.0
ERI,Eritrea,2024,0.0,0.0,3535603,0.0,0.0,0.0
ESP,Spain,2020,1919549.0,53964.0,47359424,4053.15,113.95,2.81129
ESP,Spain,2021,4180589.0,37311.0,47443821,8811.66,78.64,0.892482
ESP,Spain,2022,7654824.0,27668.0,47786102,16018.9,57.9,0.361445
ESP,Spain,2023,225378.0,2909.0,48347910,466.16,6.02,1.29072
ESP,Spain,2024,,,48807137,,,0.0
EST,Estonia,2020,31031.0,284.0,1329522,2334.0,21.36,0.915214
EST,Estonia,2021,195778.0,1544.0,1330932,14709.8,116.01,0.788648
EST,Estonia,2022,367408.0,899.0,1348840,27238.8,66.65,0.244687
EST,Estonia,2023,14364.0,245.0,1370286,1048.25,17.88,1.70565
EST,Estonia,2024,5230.0,135.0,1371986,381.2,9.84,2.58126
ETH,Ethiopia,2020,123856.0,1918.0,118917671,104.15,1.61,1.54857
ETH,Ethiopia,2021,291587.0,5008.0,122138588,238.73,4.1,1.7175
ETH,Ethiopia,2022,82531.0,646.0,125384287,65.82,0.52,0.782736
ETH,Ethiopia,2023,3143.0,2.0,128691692,2.44,0.0,0.0636334
ETH,Ethiopia,2024,165.0,0.0,132059767,0.12,0.0,0.0
FIN,Finland,2020,39087.0,635.0,5529543,706.88,11.48,1.62458
FIN,Finland,2021,327023.0,1292.0,5541017,5901.86,23.32,0.395079
FIN,Finland,2022,1091346.0,6837.0,5556106,19642.3,123.05,0.626474
FIN,Finland,2023,42257.0,2644.0,5583911,756.76,47.35,6.25695
FIN,Finland,2024,9232.0,58.0,5637214,163.77,1.03,0.62825
FJI,Fiji,2020,49.0,2.0,914963,5.36,0.22,4.08163
FJI,Fiji,2021,53842.0,696.0,916711,5873.39,75.92,1.29267
FJI,Fiji,2022,14859.0,183.0,919422,1616.12,19.9,1.23158
FJI,Fiji,2023,304.0,4.0,924145,32.9,0.43,1.31579
FJI,Fiji,2024,0.0,0.0,928784,0.0,0.0,0.0
FRA,France,2020,2338258.0,63534.0,67601110,3458.9,93.98,2.71715
FRA,France,2021,6371668.0,60631.0,67842811,9391.81,89.37,0.951572
FRA,France,2022,29279621.0,37502.0,68065015,43017.1,55.1,0.128082
FRA,France,2023,1007943.0,6318.0,68287487,1476.03,9.25,0.626821
FRA,France,2024,,,68516699,,,0.0
FRO,Faroe Islands,2020,608.0,0.0,52567,1156.62,0.0,0.0
FRO,Faroe Islands,2021,5161.0,14.0,53305,9682.02,26.26,0.271265
FRO,Faroe Islands,2022,28889.0,14.0,53927,53570.6,25.96,0.0484613
FRO,Faroe Islands,2023,0.0,0.0,54439,0.0,0.0,0.0
FRO,Faroe Islands,2024,0.0,0.0,54719,0.0,0.0,0.0
GAB,Gabon,2020,9571.0,64.0,2322539,412.09,2.76,0.668687
GAB,Gabon,2021,32227.0,224.0,2376722,1355.94,9.42,0.695069
GAB,Gabon,2022,7182.0,18.0,2430747,295.46,0.74,0.250627
GAB,Gabon,2023,71.0,1.0,2484789,2.86,0.04,1.40845
GAB,Gabon,2024,6.0,0.0,2538952,0.24,0.0,0.0
GBR,United Kingdom,2020,2563561.0,93317.0,66744000,3840.89,139.81,3.64013
GBR,United Kingdom,2021,10878146.0,83496.0,66984000,16239.9,124.65,0.767557
GBR,United Kingdom,2022,10752848.0,39346.0,67604000,15905.6,58.2,0.365912
GBR,United Kingdom,2023,670731.0,15953.0,68492000,979.28,23.29,2.37845
GBR,United Kingdom,2024,160153.0,0.0,69226000,231.35,0.0,0.0
GEO,Georgia,2020,227420.0,2505.0,3722716,6108.98,67.29,1.10149
GEO,Georgia,2021,707321.0,11295.0,3708610,19072.4,304.56,1.59687
GEO,Georgia,2022,875086.0,3103.0,3712502,23571.3,83.58,0.354594
GEO,Georgia,2023,47155.0,238.0,3715483,1269.15,6.41,0.504718
GEO,Georgia,2024,7401.0,10.0,3673850,201.45,0.27,0.135117
GHA,Ghana,2020,55064.0,335.0,31887809,172.68,1.05,0.608383
GHA,Ghana,2021,91055.0,971.0,32518665,280.01,2.99,1.06639
GHA,Ghana,2022,24929.0,155.0,33149152,75.2,0.47,0.621766
GHA,Ghana,2023,786.0,1.0,33787914,2.33,0.0,0.127226
GHA,Ghana,2024,497.0,1.0,34427414,1.44,0.0,0.201207
GIB,Gibraltar,2020,1785.0,6.0,36173,4934.62,16.59,0.336134
GIB,Gibraltar,2021,6748.0,94.0,36858,18308.1,255.03,1.39301
GIB,Gibraltar,2022,11772.0,10.0,37609,31301.0,26.59,0.0849473
GIB,Gibraltar,2023,245.0,3.0,38471,636.84,7.8,1.22449
GIB,Gibraltar,2024,0.0,0.0,39329,0.0,0.0,0.0
GIN,Guinea,2020,13722.0,81.0,13371183,102.62,0.61,0.590293
GIN,Guinea,2021,18726.0,310.0,13710513,136.58,2.26,1.65545
GIN,Guinea,2022,5776.0,76.0,14055137,41.1,0.54,1.31579
GIN,Guinea,2023,348.0,1.0,14405468,2.42,0.01,0.287356
GIN,Guinea,2024,10.0,0.0,14754785,0.07,0.0,0.0
GMB,Gambia,2020,3800.0,124.0,2515733,151.05,4.93,3.26316
GMB,Gambia,2021,6370.0,219.0,2576010,247.28,8.5,3.43799
GMB,Gambia,2022,2416.0,29.0,2636470,91.64,1.1,1.20033
GMB,Gambia,2023,40.0,0.0,2697845,1.48,0.0,0.0
GMB,Gambia,2024,1.0,0.0,2759988,0.04,0.0,0.0
GNB,Guinea-Bissau,2020,2452.0,45.0,2013255,121.79,2.24,1.83524
GNB,Guinea-Bissau,2021,4032.0,104.0,2058841,195.84,5.05,2.57937
GNB,Guinea-Bissau,2022,2463.0,27.0,2105529,116.98,1.28,1.09622
GNB,Guinea-Bissau,2023,667.0,1.0,2153339,30.98,0.05,0.149925
GNB,Guinea-Bissau,2024,0.0,0.0,2201352,0.0,0.0,0.0
GNQ,Equatorial Guinea,2020,5277.0,86.0,1716468,307.43,5.01,1.62971
GNQ,Equatorial Guinea,2021,8433.0,89.0,1758786,479.48,5.06,1.05538
GNQ,Equatorial Guinea,2022,3481.0,8.0,1803545,193.01,0.44,0.229819
GNQ,Equatorial Guinea,2023,41.0,0.0,1847549,2.22,0.0,0.0
GNQ,Equatorial Guinea,2024,0.0,0.0,1892516,0.0,0.0,0.0
GRC,Greece,2020,139692.0,4682.0,10698599,1305.7,43.76,3.35166
GRC,Greece,2021,945395.0,15823.0,10569207,8944.81,149.71,1.67369
GRC,Greece,2022,3938076.0,14471.0,10436882,37732.3,138.65,0.367464
GRC,Greece,2023,547200.0,3445.0,10405588,5258.71,33.11,0.629569
GRC,Greece,2024,184843.0,1481.0,10388805,1779.25,14.26,0.80122
GRD,Grenada,2020,128.0,0.0,116341,110.02,0.0,0.0
GRD,Grenada,2021,5945.0,200.0,116688,5094.78,171.4,3.36417
GRD,Grenada,2022,13598.0,38.0,116913,11630.9,32.5,0.279453
GRD,Grenada,2023,22.0,0.0,117081,18.79,0.0,0.0
GRD,Grenada,2024,0.0,0.0,117207,0.0,0.0,0.0
GRL,Greenland,2020,27.0,0.0,56367,47.9,0.0,0.0
GRL,Greenland,2021,2474.0,1.0,56653,4366.94,1.77,0.0404203
GRL,Greenland,2022,9470.0,20.0,56661,16713.4,35.3,0.211193
GRL,Greenland,2023,0.0,0.0,56865,0.0,0.0,0.0
GRL,Greenland,2024,0.0,0.0,56836,0.0,0.0,0.0
GTM,Guatemala,2020,137209.0,4805.0,17357325,790.5,27.68,3.50196
GTM,Guatemala,2021,489509.0,11299.0,17598650,2781.51,64.2,2.30823
GTM,Guatemala,2022,574976.0,3896.0,17847877,3221.54,21.83,0.677593
GTM,Guatemala,2023,48656.0,203.0,18124838,268.45,1.12,0.417215
GTM,Guatemala,2024,139.0,2.0,18406359,0.76,0.01,1.43885
GUM,Guam,2020,7129.0,121.0,162158,4396.33,74.62,1.69729
GUM,Guam,2021,8223.0,149.0,163730,5022.29,91.0,1.81199
GUM,Guam,2022,34650.0,141.0,165180,20977.1,85.36,0.406926
GUM,Guam,2023,2291.0,8.0,166506,1375.93,4.8,0.349192
GUM,Guam,2024,0.0,0.0,167777,0.0,0.0,0.0
GUY,Guyana,2020,6301.0,164.0,807481,780.33,20.31,2.60276
GUY,Guyana,2021,32937.0,887.0,815482,4038.96,108.77,2.69302
GUY,Guyana,2022,32848.0,235.0,821637,3997.87,28.6,0.715416
GUY,Guyana,2023,1597.0,13.0,826353,193.26,1.57,0.814026
GUY,Guyana,2024,812.0,3.0,831087,97.7,0.36,0.369458
HND,Honduras,2020,120932.0,3111.0,10119640,1195.02,30.74,2.57252
HND,Honduras,2021,258630.0,7325.0,10289877,2513.44,71.19,2.83223
HND,Honduras,2022,86373.0,637.0,10463872,825.44,6.09,0.737499
HND,Honduras,2023,6832.0,43.0,10644851,64.18,0.4,0.629391
HND,Honduras,2024,164.0,0.0,10825703,1.51,0.0,0.0
HRV,Croatia,2020,208446.0,3860.0,3914206,5325.37,98.62,1.8518
HRV,Croatia,2021,501232.0,8633.0,3878981,12921.7,222.56,1.72236
HRV,Croatia,2022,553839.0,5090.0,3855641,14364.4,132.01,0.91904
HRV,Croatia,2023,46211.0,1104.0,3859686,1197.27,28.6,2.38904
HRV,Croatia,2024,44248.0,97.0,3866300,1144.45,2.51,0.219219
HTI,Haiti,2020,9999.0,236.0,11243848,88.93,2.1,2.36024
HTI,Haiti,2021,16170.0,537.0,11374586,142.16,4.72,3.32096
HTI,Haiti,2022,7800.0,87.0,11503606,67.8,0.76,1.11538
HTI,Haiti,2023,259.0,0.0,11637398,2.23,0.0,0.0
HTI,Haiti,2024,541.0,0.0,11772557,4.6,0.0,0.0
HUN,Hungary,2020,322514.0,9537.0,9670419,3335.06,98.62,2.95708
HUN,Hungary,2021,933901.0,29649.0,9630932,9696.89,307.85,3.17475
HUN,Hungary,2022,929401.0,9309.0,9605074,9676.15,96.92,1.00161
HUN,Hungary,2023,41343.0,496.0,9592186,431.01,5.17,1.19972
HUN,Hungary,2024,10321.0,129.0,9562314,107.93,1.35,1.24988
IDN,Indonesia,2020,743202.0,22138.0,274814866,270.44,8.06,2.97873
IDN,Indonesia,2021,3519522.0,121956.0,276758053,1271.7,44.07,3.46513
IDN,Indonesia,2022,2457095.0,16518.0,278830529,881.21,5.92,0.672257
IDN,Indonesia,2023,101955.0,1360.0,281190067,36.26,0.48,1.33392
IDN,Indonesia,2024,8348.0,91.0,283487931,2.94,0.03,1.09008
IMN,Isle of Man,2020,379.0,35.0,84064,450.85,41.63,9.23483
IMN,Isle of Man,2021,14987.0,32.0,84106,17819.2,38.05,0.213518
IMN,Isle of Man,2022,22642.0,49.0,84132,26912.5,58.24,0.216412
IMN,Isle of Man,2023,0.0,0.0,84165,0.0,0.0,0.0
IMN,Isle of Man,2024,0.0,0.0,84160,0.0,0.0,0.0
IND,India,2020,10266679.0,148738.0,1402617695,731.97,10.6,1.44875
IND,India,2021,24572130.0,332342.0,1414203896,1737.52,23.5,1.35252
IND,India,2022,9840329.0,49622.0,1425423212,690.34,3.48,0.504272
IND,India,2023,334788.0,2659.0,1438069596,23.28,0.18,0.794234
IND,India,2024,31401.0,300.0,1450935791,2.16,0.02,0.955383
IRL,Ireland,2020,89517.0,2264.0,5039747,1776.22,44.92,2.52913
IRL,Ireland,2021,662914.0,3820.0,5110585,12971.4,74.75,0.576244
IRL,Ireland,2022,939715.0,2407.0,5212836,18026.9,46.17,0.256141
IRL,Ireland,2023,36807.0,919.0,5307600,693.48,17.31,2.49681
IRL,Ireland,2024,23302.0,360.0,5380257,433.1,6.69,1.54493
IRQ,Iraq,2020,594442.0,12808.0,42116605,1411.42,30.41,2.15463
IRQ,Iraq,2021,1498994.0,11346.0,43071211,3480.27,26.34,0.756908
IRQ,Iraq,2022,371937.0,1220.0,44070551,843.96,2.77,0.328012
IRQ,Iraq,2023,172.0,1.0,45074049,0.38,0.0,0.581395
IRQ,Iraq,2024,0.0,0.0,46042015,0.0,0.0,0.0
ISL,Iceland,2020,5743.0,28.0,366463,1567.14,7.64,0.48755
ISL,Iceland,2021,18463.0,9.0,372520,4956.24,2.42,0.0487461
ISL,Iceland,2022,183007.0,149.0,382003,47907.2,39.0,0.0814176
ISL,Iceland,2023,2578.0,0.0,393349,655.4,0.0,0.0
ISL,Iceland,2024,958.0,0.0,404610,236.77,0.0,0.0
ISR,Israel,2020,419661.0,3336.0,9215100,4554.06,36.2,0.794927
ISR,Israel,2021,962275.0,4923.0,9371400,10268.2,52.53,0.5116
ISR,Israel,2022,3381658.0,3805.0,9557500,35382.2,39.81,0.112519
ISR,Israel,2023,77964.0,643.0,9849000,791.59,6.53,0.82474
ISR,Israel,2024,0.0,0.0,9974400,0.0,0.0,0.0
ITA,Italy,2020,2083689.0,73604.0,59438851,3505.6,123.83,3.53239
ITA,Italy,2021,3897739.0,63643.0,59133173,6591.46,107.63,1.63282
ITA,Italy,2022,19187010.0,47545.0,59013667,32512.8,80.57,0.247798
ITA,Italy,2023,1493963.0,10255.0,58993475,2532.42,17.38,0.686429
ITA,Italy,2024,297198.0,3225.0,58986023,503.84,5.47,1.08514
JAM,Jamaica,2020,12793.0,302.0,2830739,451.93,10.67,2.36067
JAM,Jamaica,2021,80798.0,2168.0,2837682,2847.32,76.4,2.68323
JAM,Jamaica,2022,59200.0,994.0,2839144,2085.14,35.01,1.67905
JAM,Jamaica,2023,3855.0,136.0,2839786,135.75,4.79,3.52789
JAM,Jamaica,2024,704.0,22.0,2839175,24.8,0.77,3.125
JOR,Jordan,2020,293067.0,3815.0,10865228,2697.29,35.11,1.30175
JOR,Jordan,2021,768493.0,8805.0,11066356,6944.41,79.57,1.14575
JOR,Jordan,2022,685437.0,1502.0,11256263,6089.38,13.34,0.21913
JOR,Jordan,2023,0.0,0.0,11439213,0.0,0.0,0.0
JOR,Jordan,2024,0.0,0.0,11552876,0.0,0.0,0.0
JPN,Japan,2020,230304.0,3414.0,126261000,182.4,2.7,1.48239
JPN,Japan,2021,1503484.0,14979.0,125681593,1196.26,11.92,0.996286
JPN,Japan,2022,27371282.0,39120.0,125124989,21875.2,31.26,0.142924
JPN,Japan,2023,4698502.0,17195.0,124516650,3773.39,13.81,0.365968
JPN,Japan,2024,0.0,0.0,123975371,0.0,0.0,0.0
KAZ,Kazakhstan,2020,200443.0,2749.0,19482117,1028.86,14.11,1.37146
KAZ,Kazakhstan,2021,871594.0,15478.0,19743603,4414.56,78.4,1.77583
KAZ,Kazakhstan,2022,421499.0,831.0,20034609,2103.85,4.15,0.197153
KAZ,Kazakhstan,2023,9669.0,14.0,20330104,47.56,0.07,0.144793
KAZ,Kazakhstan,2024,1165.0,0.0,20592571,5.66,0.0,0.0
KEN,Kenya,2020,96251.0,1667.0,52217334,184.33,3.19,1.73193
KEN,Kenya,2021,195986.0,3709.0,53219166,368.26,6.97,1.89248
KEN,Kenya,2022,50233.0,312.0,54252461,92.59,0.58,0.621106
KEN,Kenya,2023,1640.0,1.0,55339003,2.96,0.0,0.0609756
KEN,Kenya,2024,31.0,0.0,56432944,0.05,0.0,0.0
KGZ,Kyrgyzstan,2020,0.0,0.0,6726596,0.0,0.0,0.0
KGZ,Kyrgyzstan,2021,68891.0,860.0,6851224,1005.53,12.55,1.24835
KGZ,Kyrgyzstan,2022,19564.0,164.0,6975220,280.48,2.35,0.838274
KGZ,Kyrgyzstan,2023,488.0,0.0,7099750,6.87,0.0,0.0
KGZ,Kyrgyzstan,2024,10.0,0.0,7224614,0.14,0.0,0.0
KHM,Cambodia,2020,366.0,0.0,16725474,2.19,0.0,0.0
KHM,Cambodia,2021,120127.0,3012.0,16974305,707.7,17.74,2.50735
KHM,Cambodia,2022,18085.0,44.0,17201724,105.13,0.26,0.243296
KHM,Cambodia,2023,436.0,0.0,17423880,2.5,0.0,0.0
KHM,Cambodia,2024,312.0,0.0,17638801,1.77,0.0,0.0
KIR,Kiribati,2020,0.0,0.0,126099,0.0,0.0,0.0
KIR,Kiribati,2021,0.0,0.0,128377,0.0,0.0,0.0
KIR,Kiribati,2022,3430.0,13.0,130469,2628.98,9.96,0.379009
KIR,Kiribati,2023,1655.0,11.0,132530,1248.77,8.3,0.664653
KIR,Kiribati,2024,0.0,0.0,134518,0.0,0.0,0.0
KNA,Saint Kitts and Nevis,2020,32.0,0.0,46870,68.27,0.0,0.0
KNA,Saint Kitts and Nevis,2021,2886.0,28.0,46763,6171.55,59.88,0.970201
KNA,Saint Kitts and Nevis,2022,3644.0,18.0,46709,7801.49,38.54,0.493963
KNA,Saint Kitts and Nevis,2023,45.0,0.0,46758,96.24,0.0,0.0
KNA,Saint Kitts and Nevis,2024,0.0,0.0,46843,0.0,0.0,0.0
KWT,Kuwait,2020,150298.0,933.0,4400267,3415.66,21.2,0.620767
KWT,Kuwait,2021,266333.0,1535.0,4360865,6107.34,35.2,0.576346
KWT,Kuwait,2022,246287.0,102.0,4589643,5366.15,2.22,0.041415
KWT,Kuwait,2023,3668.0,0.0,4853420,75.58,0.0,0.0
KWT,Kuwait,2024,704.0,0.0,4973861,14.15,0.0,0.0
LBN,Lebanon,2020,177996.0,1443.0,5702398,3121.42,25.31,0.810692
LBN,Lebanon,2021,545644.0,7659.0,5718122,9542.36,133.94,1.40366
LBN,Lebanon,2022,499021.0,1645.0,5744489,8686.95,28.64,0.329645
LBN,Lebanon,2023,17243.0,200.0,5773493,298.66,3.46,1.15989
LBN,Lebanon,2024,0.0,0.0,5805962,0.0,0.0,0.0
LBR,Liberia,2020,1854.0,89.0,5149463,36.0,1.73,4.80043
LBR,Liberia,2021,4730.0,198.0,5259323,89.94,3.76,4.18605
LBR,Liberia,2022,1469.0,7.0,5373294,27.34,0.13,0.476515
LBR,Liberia,2023,37.0,1.0,5493031,0.67,0.02,2.7027
LBR,Liberia,2024,2.0,0.0,5612817,0.04,0.0,0.0
LCA,Saint Lucia,2020,340.0,5.0,178250,190.74,2.81,1.47059
LCA,Saint Lucia,2021,13133.0,290.0,178522,7356.52,162.44,2.20818
LCA,Saint Lucia,2022,16275.0,114.0,178781,9103.32,63.77,0.700461
LCA,Saint Lucia,2023,482.0,1.0,179285,268.85,0.56,0.207469
LCA,Saint Lucia,2024,1.0,0.0,179744,0.56,0.0,0.0
LIE,Liechtenstein,2020,2223.0,44.0,38901,5714.51,113.11,1.97931
LIE,Liechtenstein,2021,4067.0,25.0,39182,10379.8,63.8,0.614704
LIE,Liechtenstein,2022,15013.0,18.0,39493,38014.3,45.58,0.119896
LIE,Liechtenstein,2023,264.0,1.0,39850,662.48,2.51,0.378788
LIE,Liechtenstein,2024,46.0,1.0,40197,114.44,2.49,2.17391
LKA,Sri Lanka,2020,43307.0,210.0,21919000,197.58,0.96,0.48491
LKA,Sri Lanka,2021,543946.0,14775.0,22156000,2455.07,66.69,2.71626
LKA,Sri Lanka,2022,84639.0,1838.0,22181000,381.58,8.29,2.17158
LKA,Sri Lanka,2023,823.0,73.0,22037000,3.73,0.33,8.86999
LKA,Sri Lanka,2024,105.0,17.0,21916000,0.48,0.08,16.1905
LSO,Lesotho,2020,2577.0,64.0,2235727,115.26,2.86,2.48351
LSO,Lesotho,2021,27075.0,607.0,2261542,1197.19,26.84,2.24192
LSO,Lesotho,2022,4838.0,35.0,2286110,211.63,1.53,0.723439
LSO,Lesotho,2023,1648.0,3.0,2311472,71.3,0.13,0.182039
LSO,Lesotho,2024,0.0,0.0,2337423,0.0,0.0,0.0
LTU,Lithuania,2020,145051.0,1800.0,2810369,5161.28,64.05,1.24094
LTU,Lithuania,2021,379375.0,5597.0,2808380,13508.7,199.3,1.47532
LTU,Lithuania,2022,763996.0,2085.0,2831639,26980.7,73.63,0.272907
LTU,Lithuania,2023,79725.0,291.0,2871585,2776.34,10.13,0.365005
LTU,Lithuania,2024,51718.0,97.0,2888055,1790.76,3.36,0.187556
LUX,Luxembourg,2020,38383.0,285.0,630419,6088.49,45.21,0.742516
LUX,Luxembourg,2021,57505.0,350.0,640064,8984.26,54.68,0.608643
LUX,Luxembourg,2022,268979.0,320.0,653103,41184.8,49.0,0.118968
LUX,Luxembourg,2023,25170.0,45.0,666430,3776.84,6.75,0.178784
LUX,Luxembourg,2024,6867.0,0.0,677717,1013.25,0.0,0.0
LVA,Latvia,2020,36330.0,632.0,1900449,1911.65,33.26,1.73961
LVA,Latvia,2021,235099.0,4183.0,1884490,12475.5,221.97,1.77925
LVA,Latvia,2022,699090.0,2196.0,1879383,37197.9,116.85,0.314123
LVA,Latvia,2023,7182.0,454.0,1877445,382.54,24.18,6.32136
LVA,Latvia,2024,69.0,88.0,1862441,3.7,4.72,127.536
MAF,Saint Martin (French part),2020,986.0,12.0,31786,3101.99,37.75,1.21704
MAF,Saint Martin (French part),2021,3132.0,27.0,29961,10453.6,90.12,0.862069
MAF,Saint Martin (French part),2022,8088.0,7.0,28870,28015.2,24.25,0.0865479
MAF,Saint Martin (French part),2023,118.0,0.0,27515,428.86,0.0,0.0
MAF,Saint Martin (French part),2024,0.0,0.0,26129,0.0,0.0,0.0
MAR,Morocco,2020,437332.0,7355.0,36584208,1195.41,20.1,1.68179
MAR,Morocco,2021,523726.0,7489.0,36954442,1417.22,20.27,1.42995
MAR,Morocco,2022,310490.0,1450.0,37329064,831.76,3.88,0.467004
MAR,Morocco,2023,6721.0,6.0,37712505,17.82,0.02,0.0892724
MAR,Morocco,2024,846.0,5.0,38081173,2.22,0.01,0.591016
MCO,Monaco,2020,726.0,3.0,38050,1908.02,7.88,0.413223
MCO,Monaco,2021,4320.0,35.0,38527,11212.9,90.85,0.810185
MCO,Monaco,2022,11428.0,27.0,38931,29354.5,69.35,0.236262
MCO,Monaco,2023,707.0,2.0,38956,1814.87,5.13,0.282885
MCO,Monaco,2024,0.0,0.0,38631,0.0,0.0,0.0
MDG,Madagascar,2020,17714.0,261.0,28953556,61.18,0.9,1.47341
MDG,Madagascar,2021,32565.0,766.0,29691083,109.68,2.58,2.35222
MDG,Madagascar,2022,17471.0,391.0,30437261,57.4,1.28,2.23799
MDG,Madagascar,2023,732.0,8.0,31195932,2.35,0.03,1.0929
MDG,Madagascar,2024,121.0,2.0,31964956,0.38,0.01,1.65289
MDV,Maldives,2020,13765.0,48.0,502118,2741.39,9.56,0.34871
MDV,Maldives,2021,81943.0,214.0,516154,15875.7,41.46,0.261157
MDV,Maldives,2022,89993.0,49.0,524106,17170.8,9.35,0.0544486
MDV,Maldives,2023,1001.0,5.0,525994,190.31,0.95,0.4995
MDV,Maldives,2024,0.0,0.0,527799,0.0,0.0,0.0
MEX,Mexico,2020,1496067.0,147623.0,126799054,1179.87,116.42,9.86741
MEX,Mexico,2021,2538755.0,156199.0,127648148,1988.87,122.37,6.15258
MEX,Mexico,2022,3236805.0,27677.0,128613117,2516.7,21.52,0.855071
MEX,Mexico,2023,336789.0,2627.0,129739759,259.59,2.02,0.780014
MEX,Mexico,2024,14128.0,693.0,130861007,10.8,0.53,4.90515
MHL,Marshall Islands,2020,4.0,0.0,42706,9.37,0.0,0.0
MHL,Marshall Islands,2021,0.0,0.0,41367,0.0,0.0,0.0
MHL,Marshall Islands,2022,15540.0,17.0,40077,38775.4,42.42,0.109395
MHL,Marshall Islands,2023,594.0,0.0,38827,1529.86,0.0,0.0
MHL,Marshall Islands,2024,159.0,0.0,37548,423.46,0.0,0.0
MLI,Mali,2020,7029.0,269.0,21713836,32.37,1.24,3.827
MLI,Mali,2021,13641.0,389.0,22388630,60.93,1.74,2.8517
MLI,Mali,2022,12100.0,85.0,23072640,52.44,0.37,0.702479
MLI,Mali,2023,394.0,0.0,23769127,1.66,0.0,0.0
MLI,Mali,2024,19.0,0.0,24478595,0.08,0.0,0.0
MLT,Malta,2020,12616.0,227.0,515490,2447.38,44.04,1.7993
MLT,Malta,2021,34820.0,266.0,518150,6720.06,51.34,0.763929
MLT,Malta,2022,68801.0,341.0,531113,12954.1,64.2,0.495632
MLT,Malta,2023,4903.0,55.0,552747,887.02,9.95,1.12176
MLT,Malta,2024,2464.0,37.0,574346,429.01,6.44,1.50162
MMR,Myanmar,2020,124630.0,2682.0,53016522,235.08,5.06,2.15197
MMR,Myanmar,2021,406204.0,16586.0,53387102,760.87,31.07,4.08317
MMR,Myanmar,2022,102849.0,222.0,53756787,191.32,0.41,0.21585
MMR,Myanmar,2023,7765.0,4.0,54133798,14.34,0.01,0.0515132
MMR,Myanmar,2024,1793.0,0.0,54500091,3.29,0.0,0.0
MNE,Montenegro,2020,35210.0,543.0,626590,5619.3,86.66,1.54218
MNE,Montenegro,2021,122800.0,1733.0,625053,19646.3,277.26,1.41124
MNE,Montenegro,2022,85963.0,340.0,623591,13785.2,54.52,0.395519
MNE,Montenegro,2023,7307.0,38.0,623529,1171.88,6.09,0.520049
MNE,Montenegro,2024,0.0,0.0,623831,0.0,0.0,0.0
MNG,Mongolia,2020,1215.0,1.0,3327204,36.52,0.03,0.0823045
MNG,Mongolia,2021,691904.0,1985.0,3383741,20447.9,58.66,0.286889
MNG,Mongolia,2022,314303.0,150.0,3433748,9153.35,4.37,0.0477246
MNG,Mongolia,2023,3912.0,0.0,3481145,112.38,0.0,0.0
MNG,Mongolia,2024,155.0,0.0,3524788,4.4,0.0,0.0
MNP,Northern Mariana Islands,2020,122.0,2.0,47528,256.69,4.21,1.63934
MNP,Northern Mariana Islands,2021,3133.0,11.0,46979,6668.94,23.41,0.351101
MNP,Northern Mariana Islands,2022,9981.0,28.0,46078,21661.1,60.77,0.280533
MNP,Northern Mariana Islands,2023,1105.0,0.0,45143,2447.78,0.0,0.0
MNP,Northern Mariana Islands,2024,644.0,0.0,44278,1454.45,0.0,0.0
MOZ,Mozambique,2020,18485.0,165.0,30783688,60.05,0.54,0.892616
MOZ,Mozambique,2021,165734.0,1831.0,31707800,522.69,5.77,1.10478
MOZ,Mozambique,2022,46820.0,236.0,32656246,143.37,0.72,0.504058
MOZ,Mozambique,2023,2692.0,18.0,33635160,8.0,0.05,0.668648
MOZ,Mozambique,2024,159.0,2.0,34631766,0.46,0.01,1.25786
MRT,Mauritania,2020,14191.0,340.0,4600131,308.49,7.39,2.39588
MRT,Mauritania,2021,26963.0,523.0,4734874,569.46,11.05,1.9397
MRT,Mauritania,2022,22321.0,134.0,4875637,457.81,2.75,0.600331
MRT,Mauritania,2023,482.0,0.0,5022441,9.6,0.0,0.0
MRT,Mauritania,2024,93.0,0.0,5169395,1.8,0.0,0.0
MUS,Mauritius,2020,527.0,10.0,1266014,41.63,0.79,1.89753
MUS,Mauritius,2021,90567.0,776.0,1266334,7151.9,61.28,0.856824
MUS,Mauritius,2022,201095.0,254.0,1262523,15928.0,20.12,0.126308
MUS,Mauritius,2023,31531.0,20.0,1261041,2500.39,1.59,0.0634296
MUS,Mauritius,2024,6994.0,14.0,1259509,555.3,1.11,0.200172
MWI,Malawi,2020,6471.0,189.0,19533888,33.13,0.97,2.92072
MWI,Malawi,2021,67730.0,2166.0,20047258,337.85,10.8,3.19799
MWI,Malawi,2022,14104.0,330.0,20568728,68.57,1.6,2.33976
MWI,Malawi,2023,957.0,1.0,21104482,4.53,0.0,0.104493
MWI,Malawi,2024,0.0,0.0,21655286,0.0,0.0,0.0
MYS,Malaysia,2020,110485.0,463.0,33889558,326.01,1.37,0.419061
MYS,Malaysia,2021,2647601.0,31024.0,34282399,7722.92,90.5,1.17178
MYS,Malaysia,2022,2268078.0,5370.0,34695493,6537.1,15.48,0.236764
MYS,Malaysia,2023,201158.0,436.0,35126298,572.67,1.24,0.216745
MYS,Malaysia,2024,102514.0,58.0,35557673,288.3,0.16,0.0565776
NAM,Namibia,2020,23932.0,208.0,2728762,877.03,7.62,0.869129
NAM,Namibia,2021,124907.0,3437.0,2810548,4444.22,122.29,2.75165
NAM,Namibia,2022,21513.0,437.0,2889662,744.48,15.12,2.03133
NAM,Namibia,2023,1897.0,21.0,2963095,64.02,0.71,1.10701
NAM,Namibia,2024,307.0,7.0,3030131,10.13,0.23,2.28013
NCL,New Caledonia,2020,38.0,0.0,284176,13.37,0.0,0.0
NCL,New Caledonia,2021,12890.0,281.0,285214,4519.41,98.52,2.17998
NCL,New Caledonia,2022,66649.0,33.0,287123,23212.7,11.49,0.0495131
NCL,New Caledonia,2023,488.0,0.0,289870,168.35,0.0,0.0
NCL,New Caledonia,2024,139.0,0.0,292639,47.5,0.0,0.0
NER,Niger,2020,3208.0,101.0,23717613,13.53,0.43,3.14838
NER,Niger,2021,4157.0,173.0,24502140,16.97,0.71,4.16165
NER,Niger,2022,2129.0,40.0,25311973,8.41,0.16,1.87882
NER,Niger,2023,21.0,1.0,26159867,0.08,0.0,4.7619
NER,Niger,2024,14.0,0.0,27032412,0.05,0.0,0.0
NGA,Nigeria,2020,86576.0,1278.0,213996181,40.46,0.6,1.47616
NGA,Nigeria,2021,154937.0,1752.0,218529286,70.9,0.8,1.13078
NGA,Nigeria,2022,24937.0,125.0,223150896,11.17,0.06,0.501263
NGA,Nigeria,2023,738.0,0.0,227882945,0.32,0.0,0.0
NGA,Nigeria,2024,2.0,0.0,232679478,0.0,0.0,0.0
NIC,Nicaragua,2020,4829.0,165.0,6565267,73.55,2.51,3.41686
NIC,Nicaragua,2021,8734.0,52.0,6644741,131.44,0.78,0.595374
NIC,Nicaragua,2022,1802.0,28.0,6730654,26.77,0.42,1.55383
NIC,Nicaragua,2023,750.0,0.0,6823613,10.99,0.0,0.0
NIC,Nicaragua,2024,84.0,0.0,6916140,1.21,0.0,0.0
NLD,Netherlands,2020,773198.0,11539.0,17441500,4433.09,66.16,1.49237
NLD,Netherlands,2021,2312304.0,9421.0,17533044,13188.3,53.73,0.407429
NLD,Netherlands,2022,5480565.0,2016.0,17700982,30961.9,11.39,0.0367845
NLD,Netherlands,2023,65388.0,10.0,17877117,365.76,0.06,0.0152933
NLD,Netherlands,2024,17566.0,0.0,17994237,97.62,0.0,0.0
NOR,Norway,2020,49785.0,436.0,5379475,925.46,8.1,0.875766
NOR,Norway,2021,345124.0,958.0,5408320,6381.35,17.71,0.277581
NOR,Norway,2022,1080762.0,3442.0,5457127,19804.6,63.07,0.318479
NOR,Norway,2023,28258.0,896.0,5519594,511.96,16.23,3.17078
NOR,Norway,2024,28527.0,0.0,5572272,511.95,0.0,0.0
NPL,Nepal,2020,260596.0,2758.0,28966574,899.64,9.52,1.05834
NPL,Nepal,2021,567838.0,8836.0,29475010,1926.51,29.98,1.55608
NPL,Nepal,2022,172569.0,425.0,29715436,580.74,1.43,0.246278
NPL,Nepal,2023,2450.0,12.0,29694614,8.25,0.04,0.489796
NPL,Nepal,2024,0.0,0.0,29651054,0.0,0.0,0.0
NRU,Nauru,2020,0.0,0.0,11643,0.0,0.0,0.0
NRU,Nauru,2021,0.0,0.0,11709,0.0,0.0,0.0
NRU,Nauru,2022,4621.0,1.0,11801,39157.7,8.47,0.0216403
NRU,Nauru,2023,772.0,0.0,11875,6501.05,0.0,0.0
NRU,Nauru,2024,0.0,0.0,11947,0.0,0.0,0.0
NZL,New Zealand,2020,1807.0,25.0,5090200,35.5,0.49,1.38351
NZL,New Zealand,2021,11939.0,26.0,5111300,233.58,0.51,0.217774
NZL,New Zealand,2022,2043704.0,2280.0,5117100,39938.7,44.56,0.111562
NZL,New Zealand,2023,382925.0,1292.0,5245000,7300.76,24.63,0.337403
NZL,New Zealand,2024,224052.0,888.0,5338500,4196.91,16.63,0.396336
OMN,Oman,2020,128719.0,1497.0,4522497,2846.19,33.1,1.163
OMN,Oman,2021,176770.0,2986.0,4500424,3927.85,66.35,1.6892
OMN,Oman,2022,93819.0,145.0,4730226,1983.39,3.07,0.154553
OMN,Oman,2023,141.0,0.0,5049269,2.79,0.0,0.0
OMN,Oman,2024,0.0,0.0,5281538,0.0,0.0,0.0
PAK,Pakistan,2020,477240.0,10047.0,235001746,203.08,4.28,2.10523
PAK,Pakistan,2021,817621.0,18874.0,239477801,341.42,7.88,2.3084
PAK,Pakistan,2022,280790.0,1714.0,243700667,115.22,0.7,0.610421
PAK,Pakistan,2023,4980.0,21.0,247504495,2.01,0.01,0.421687
PAK,Pakistan,2024,0.0,0.0,251269164,0.0,0.0,0.0
PAN,Panama,2020,238279.0,3933.0,4293261,5550.07,91.61,1.65059
PAN,Panama,2021,252764.0,3492.0,4345405,5816.81,80.36,1.38153
PAN,Panama,2022,532735.0,1142.0,4400773,12105.5,25.95,0.214365
PAN,Panama,2023,19049.0,88.0,4458759,427.23,1.97,0.461967
PAN,Panama,2024,2239.0,110.0,4515577,49.58,2.44,4.91291
PER,Peru,2020,1010496.0,93066.0,32838579,3077.16,283.4,9.20993
PER,Peru,2021,1276998.0,109518.0,33155882,3851.5,330.31,8.57621
PER,Peru,2022,2166742.0,15594.0,33475438,6472.63,46.58,0.719698
PER,Peru,2023,50984.0,2338.0,33845617,150.64,6.91,4.58575
PER,Peru,2024,24652.0,485.0,34217848,72.04,1.42,1.96739
PHL,Philippines,2020,472523.0,9230.0,112081264,421.59,8.24,1.95334
PHL,Philippines,2021,2371346.0,42274.0,113100950,2096.66,37.38,1.7827
PHL,Philippines,2022,1218790.0,13893.0,113964338,1069.45,12.19,1.1399
PHL,Philippines,2023,134620.0,1403.0,114891199,117.17,1.22,1.04219
PHL,Philippines,2024,8183.0,69.0,115843670,7.06,0.06,0.843211
PLW,Palau,2020,0.0,0.0,17792,0.0,0.0,0.0
PLW,Palau,2021,12.0,0.0,17783,67.48,0.0,0.0
PLW,Palau,2022,5959.0,9.0,17759,33554.8,50.68,0.151032
PLW,Palau,2023,296.0,0.0,17727,1669.77,0.0,0.0
PLW,Palau,2024,107.0,1.0,17695,604.69,5.65,0.934579
PNG,Papua New Guinea,2020,780.0,9.0,9815746,7.95,0.09,1.15385
PNG,Papua New Guinea,2021,35410.0,581.0,10012896,353.64,5.8,1.64078
PNG,Papua New Guinea,2022,10524.0,79.0,10203169,103.14,0.77,0.750665
PNG,Papua New Guinea,2023,150.0,31.0,10389635,1.44,0.3,20.6667
PNG,Papua New Guinea,2024,0.0,0.0,10576502,0.0,0.0,0.0
POL,Poland,2020,1297400.0,28642.0,37515748,3458.28,76.35,2.20765
POL,Poland,2021,2811801.0,68416.0,36981559,7603.25,185.0,2.43317
POL,Poland,2022,2259187.0,21475.0,36821749,6135.47,58.32,0.950563
POL,Poland,2023,263677.0,1705.0,36687353,718.71,4.65,0.646624
POL,Poland,2024,137628.0,738.0,36554707,376.5,2.02,0.536228
PRI,Puerto Rico,2020,84661.0,1676.0,3281590,2579.88,51.07,1.97966
PRI,Puerto Rico,2021,232900.0,1643.0,3262711,7138.24,50.36,0.705453
PRI,Puerto Rico,2022,823067.0,2255.0,3220137,25560.0,70.03,0.273975
PRI,Puerto Rico,2023,112085.0,364.0,3203792,3498.51,11.36,0.324753
PRI,Puerto Rico,2024,0.0,0.0,3203295,0.0,0.0,0.0
PRT,Portugal,2020,377474.0,6695.0,10297081,3665.84,65.02,1.77363
PRT,Portugal,2021,905174.0,12193.0,10361831,8735.66,117.67,1.34703
PRT,Portugal,2022,4267920.0,6885.0,10434332,40902.7,65.98,0.16132
PRT,Portugal,2023,88960.0,2157.0,10578174,840.98,20.39,2.42469
PRT,Portugal,2024,31189.0,1154.0,10701636,291.44,10.78,3.70002
PRY,Paraguay,2020,106136.0,2220.0,6603739,1607.21,33.62,2.09166
PRY,Paraguay,2021,359965.0,14404.0,6684182,5385.33,215.49,4.0015
PRY,Paraguay,2022,259264.0,3064.0,6760464,3835.0,45.32,1.18181
PRY,Paraguay,2023,10394.0,192.0,6844146,151.87,2.81,1.84722
PRY,Paraguay,2024,0.0,0.0,6929153,0.0,0.0,0.0
PYF,French Polynesia,2020,16851.0,114.0,279209,6035.26,40.83,0.676518
PYF,French Polynesia,2021,29574.0,522.0,279792,10570.0,186.57,1.76506
PYF,French Polynesia,2022,31532.0,13.0,280378,11246.2,4.64,0.0412279
PYF,French Polynesia,2023,1370.0,0.0,281118,487.34,0.0,0.0
PYF,French Polynesia,2024,224.0,1.0,281807,79.49,0.35,0.446429
QAT,Qatar,2020,143621.0,245.0,2794148,5140.06,8.77,0.170588
QAT,Qatar,2021,106166.0,372.0,2504910,4238.32,14.85,0.350395
QAT,Qatar,2022,239545.0,68.0,2657333,9014.49,2.56,0.0283871
QAT,Qatar,2023,25192.0,5.0,2656032,948.48,0.19,0.0198475
QAT,Qatar,2024,0.0,0.0,2857822,0.0,0.0,0.0
ROU,Romania,2020,627941.0,15596.0,19265250,3259.45,80.95,2.48367
ROU,Romania,2021,1179282.0,43118.0,19122059,6167.13,225.49,3.65629
ROU,Romania,2022,1501257.0,8660.0,19048502,7881.23,45.46,0.57685
ROU,Romania,2023,204113.0,1340.0,19059479,1070.93,7.03,0.656499
ROU,Romania,2024,55152.0,239.0,19069340,289.22,1.25,0.433348
RWA,Rwanda,2020,8250.0,86.0,13065837,63.14,0.66,1.04242
RWA,Rwanda,2021,102308.0,1263.0,13355260,766.05,9.46,1.23451
RWA,Rwanda,2022,22421.0,118.0,13651030,164.24,0.86,0.526292
RWA,Rwanda,2023,229.0,1.0,13954471,1.64,0.01,0.436681
RWA,Rwanda,2024,58.0,0.0,14256567,0.41,0.0,0.0
SAU,Saudi Arabia,2020,362601.0,6214.0,31552510,1149.2,19.69,1.71373
SAU,Saudi Arabia,2021,192816.0,2661.0,30784383,626.34,8.64,1.38007
SAU,Saudi Arabia,2022,271567.0,640.0,32175224,844.03,1.99,0.235669
SAU,Saudi Arabia,2023,14485.0,131.0,33702731,42.98,0.39,0.904384
SAU,Saudi Arabia,2024,0.0,0.0,35300280,0.0,0.0,0.0
SDN,Sudan,2020,25500.0,1561.0,46789231,54.5,3.34,6.12157
SDN,Sudan,2021,21411.0,1776.0,48066924,44.54,3.69,8.2948
SDN,Sudan,2022,16791.0,1658.0,49383346,34.0,3.36,9.87434
SDN,Sudan,2023,291.0,51.0,50042791,0.58,0.1,17.5258
SDN,Sudan,2024,0.0,0.0,50448963,0.0,0.0,0.0
SEN,Senegal,2020,18945.0,402.0,16789219,112.84,2.39,2.12193
SEN,Senegal,2021,55925.0,1488.0,17220867,324.75,8.64,2.66071
SEN,Senegal,2022,14030.0,78.0,17651103,79.49,0.44,0.555951
SEN,Senegal,2023,150.0,3.0,18077573,0.83,0.02,2.0
SEN,Senegal,2024,270.0,1.0,18501984,1.46,0.01,0.37037
SGP,Singapore,2020,58569.0,29.0,5685807,1030.09,0.51,0.0495142
SGP,Singapore,2021,220836.0,799.0,5453566,4049.39,14.65,0.361807
SGP,Singapore,2022,1921974.0,883.0,5637022,34095.6,15.66,0.0459423
SGP,Singapore,2023,723688.0,243.0,5917648,12229.3,4.11,0.033578
SGP,Singapore,2024,81640.0,70.0,6036860,1352.36,1.16,0.0857422
SLB,Solomon Islands,2020,17.0,0.0,744498,2.28,0.0,0.0
SLB,Solomon Islands,2021,7.0,0.0,762591,0.92,0.0,0.0
SLB,Solomon Islands,2022,21587.0,153.0,781066,2763.79,19.59,0.70876
SLB,Solomon Islands,2023,4343.0,46.0,800005,542.87,5.75,1.05918
SLB,Solomon Islands,2024,0.0,0.0,819198,0.0,0.0,0.0
SLE,Sierra Leone,2020,2583.0,76.0,7912558,32.64,0.96,2.94232
SLE,Sierra Leone,2021,4400.0,47.0,8094602,54.36,0.58,1.06818
SLE,Sierra Leone,2022,777.0,3.0,8276807,9.39,0.04,0.3861
SLE,Sierra Leone,2023,19.0,0.0,8460512,0.22,0.0,0.0
SLE,Sierra Leone,2024,206.0,0.0,8642022,2.38,0.0,0.0
SLV,El Salvador,2020,45960.0,1327.0,6234673,737.17,21.28,2.88729
SLV,El Salvador,2021,75781.0,2496.0,6255782,1211.38,39.9,3.2937
SLV,El Salvador,2022,80044.0,407.0,6280319,1274.52,6.48,0.50847
SLV,El Salvador,2023,51.0,0.0,6309624,0.81,0.0,0.0
SLV,El Salvador,2024,134.0,0.0,6338193,2.11,0.0,0.0
SMR,San Marino,2020,2401.0,59.0,34770,6905.38,169.69,2.45731
SMR,San Marino,2021,5850.0,40.0,34252,17079.3,116.78,0.683761
SMR,San Marino,2022,14918.0,22.0,33755,44194.9,65.18,0.147473
SMR,San Marino,2023,2123.0,5.0,33860,6269.94,14.77,0.235516
SMR,San Marino,2024,0.0,0.0,33977,0.0,0.0,0.0
SOM,Somalia,2020,4714.0,130.0,16651191,28.31,0.78,2.75774
SOM,Somalia,2021,18818.0,1203.0,17271431,108.95,6.97,6.39282
SOM,Somalia,2022,3778.0,28.0,17801897,21.22,0.16,0.741133
SOM,Somalia,2023,24.0,0.0,18358615,0.13,0.0,0.0
SOM,Somalia,2024,0.0,0.0,19009151,0.0,0.0,0.0
SRB,Serbia,2020,334991.0,3163.0,6899126,4855.56,45.85,0.944204
SRB,Serbia,2021,962156.0,9525.0,6834326,14078.3,139.37,0.989964
SRB,Serbia,2022,1148332.0,4827.0,6664449,17230.7,72.43,0.420349
SRB,Serbia,2023,122483.0,542.0,6623183,1849.31,8.18,0.44251
SRB,Serbia,2024,0.0,0.0,6587202,0.0,0.0,0.0
STP,Sao Tome and Principe,2020,1014.0,17.0,217435,466.35,7.82,1.67653
STP,Sao Tome and Principe,2021,2863.0,40.0,221961,1289.87,18.02,1.39714
STP,Sao Tome and Principe,2022,2402.0,20.0,226305,1061.4,8.84,0.832639
STP,Sao Tome and Principe,2023,457.0,3.0,230871,197.95,1.3,0.656455
STP,Sao Tome and Principe,2024,35.0,0.0,235536,14.86,0.0,0.0
SUR,Suriname,2020,6098.0,120.0,612317,995.89,19.6,1.96786
SUR,Suriname,2021,45933.0,1069.0,617896,7433.78,173.01,2.3273
SUR,Suriname,2022,29550.0,204.0,623164,4741.93,32.74,0.690355
SUR,Suriname,2023,914.0,11.0,628886,145.34,1.75,1.2035
SUR,Suriname,2024,11.0,2.0,634431,1.73,0.32,18.1818
SVK,Slovakia,2020,179543.0,2138.0,5458827,3289.04,39.17,1.1908
SVK,Slovakia,2021,662190.0,14497.0,5447247,12156.4,266.13,2.18925
SVK,Slovakia,2022,1017453.0,4188.0,5431752,18731.6,77.1,0.411616
SVK,Slovakia,2023,16343.0,384.0,5426740,301.16,7.08,2.34963
SVK,Slovakia,2024,10117.0,71.0,5422069,186.59,1.31,0.701789
SVN,Slovenia,2020,115411.0,2881.0,2102419,5489.44,137.03,2.4963
SVN,Slovenia,2021,341431.0,3208.0,2108079,16196.3,152.18,0.939575
SVN,Slovenia,2022,843961.0,2712.0,2112076,39958.8,128.4,0.321342
SVN,Slovenia,2023,53614.0,889.0,2120461,2528.41,41.92,1.65815
SVN,Slovenia,2024,7931.0,224.0,2126324,372.99,10.53,2.82436
SWE,Sweden,2020,447759.0,9706.0,10353442,4324.74,93.75,2.16768
SWE,Sweden,2021,878413.0,5639.0,10415811,8433.46,54.14,0.641953
SWE,Sweden,2022,1354059.0,6961.0,10486941,12911.9,66.38,0.514084
SWE,Sweden,2023,66386.0,4380.0,10536632,630.05,41.57,6.59778
SWE,Sweden,2024,25177.0,1740.0,10569709,238.2,16.46,6.91107
SYC,Seychelles,2020,226.0,0.0,98462,229.53,0.0,0.0
SYC,Seychelles,2021,24562.0,126.0,99258,24745.6,126.94,0.512987
SYC,Seychelles,2022,25567.0,46.0,119878,21327.5,38.37,0.179919
SYC,Seychelles,2023,865.0,0.0,119773,722.2,0.0,0.0
SYC,Seychelles,2024,679.0,0.0,121354,559.52,0.0,0.0
TCA,Turks and Caicos Islands,2020,865.0,6.0,44386,1948.81,13.52,0.693642
TCA,Turks and Caicos Islands,2021,2418.0,20.0,45243,5344.47,44.21,0.82713
TCA,Turks and Caicos Islands,2022,3196.0,10.0,45847,6971.01,21.81,0.312891
TCA,Turks and Caicos Islands,2023,231.0,4.0,46198,500.02,8.66,1.7316
TCA,Turks and Caicos Islands,2024,123.0,0.0,46535,264.32,0.0,0.0
TCD,Chad,2020,2077.0,105.0,17224679,12.06,0.61,5.05537
TCD,Chad,2021,3624.0,76.0,17828273,20.33,0.43,2.09713
TCD,Chad,2022,1949.0,13.0,18455316,10.56,0.07,0.667009
TCD,Chad,2023,48.0,0.0,19319064,0.25,0.0,0.0
TCD,Chad,2024,4.0,0.0,20299123,0.02,0.0,0.0
TGO,Togo,2020,3611.0,68.0,8669720,41.65,0.78,1.88313
TGO,Togo,2021,26552.0,180.0,8878379,299.06,2.03,0.677915
TGO,Togo,2022,9180.0,42.0,9089738,100.99,0.46,0.457516
TGO,Togo,2023,184.0,0.0,9304337,1.98,0.0,0.0
TGO,Togo,2024,10.0,0.0,9515236,0.11,0.0,0.0
THA,Thailand,2020,6893.0,121.0,71641484,9.62,0.17,1.7554
THA,Thailand,2021,2216551.0,21637.0,71727332,3090.25,30.17,0.976156
THA,Thailand,2022,2500484.0,11971.0,71735329,3485.71,16.69,0.478747
THA,Thailand,2023,38456.0,848.0,71702435,53.63,1.18,2.20512
THA,Thailand,2024,46079.0,224.0,71668011,64.3,0.31,0.486122
TJK,Tajikistan,2020,13665.0,90.0,9749310,140.16,0.92,0.658617
TJK,Tajikistan,2021,3828.0,35.0,9966908,38.41,0.35,0.914316
TJK,Tajikistan,2022,293.0,0.0,10182222,2.88,0.0,0.0
TJK,Tajikistan,2023,0.0,0.0,10389799,0.0,0.0,0.0
TJK,Tajikistan,2024,0.0,0.0,10590927,0.0,0.0,0.0
TKM,Turkmenistan,2020,0.0,0.0,6949912,0.0,0.0,0.0
TKM,Turkmenistan,2021,0.0,0.0,7092043,0.0,0.0,0.0
TKM,Turkmenistan,2022,0.0,0.0,7230193,0.0,0.0,0.0
TKM,Turkmenistan,2023,0.0,0.0,7364438,0.0,0.0,0.0
TKM,Turkmenistan,2024,0.0,0.0,7494498,0.0,0.0,0.0
TON,Tonga,2020,0.0,0.0,105704,0.0,0.0,0.0
TON,Tonga,2021,1.0,0.0,105490,0.95,0.0,0.0
TON,Tonga,2022,16411.0,12.0,105042,15623.3,11.42,0.0731216
TON,Tonga,2023,537.0,0.0,104597,513.4,0.0,0.0
TON,Tonga,2024,43.0,1.0,104175,41.28,0.96,2.32558
TTO,Trinidad and Tobago,2020,7132.0,126.0,1366725,521.83,9.22,1.76669
TTO,Trinidad and Tobago,2021,83697.0,2699.0,1367558,6120.18,197.36,3.22473
TTO,Trinidad and Tobago,2022,95204.0,1458.0,1365805,6970.54,106.75,1.53145
TTO,Trinidad and Tobago,2023,5463.0,107.0,1367510,399.49,7.82,1.95863
TTO,Trinidad and Tobago,2024,0.0,0.0,1368333,0.0,0.0,0.0
TUN,Tunisia,2020,137216.0,4620.0,11974057,1145.94,38.58,3.36695
TUN,Tunisia,2021,588626.0,20944.0,12048622,4885.42,173.83,3.55812
TUN,Tunisia,2022,421729.0,3720.0,12119334,3479.8,30.69,0.882083
TUN,Tunisia,2023,5790.0,139.0,12200431,47.46,1.14,2.40069
TUN,Tunisia,2024,0.0,0.0,12277109,0.0,0.0,0.0
TUR,Turkey,2020,2194272.0,20642.0,83384680,2631.5,24.76,0.940722
TUR,Turkey,2021,7247492.0,61462.0,84147318,8612.86,73.04,0.848045
TUR,Turkey,2022,7562913.0,19315.0,84979913,8899.65,22.73,0.255391
TUR,Turkey,2023,10.0,0.0,85325965,0.01,0.0,0.0
TUR,Turkey,2024,25.0,0.0,85518661,0.03,0.0,0.0
TUV,Tuvalu,2020,0.0,0.0,10399,0.0,0.0,0.0
TUV,Tuvalu,2021,0.0,0.0,10194,0.0,0.0,0.0
TUV,Tuvalu,2022,2779.0,0.0,9992,27812.2,0.0,0.0
TUV,Tuvalu,2023,164.0,1.0,9816,1670.74,10.19,0.609756
TUV,Tuvalu,2024,0.0,0.0,9646,0.0,0.0,0.0
UGA,Uganda,2020,35220.0,304.0,44457152,79.22,0.68,0.863146
UGA,Uganda,2021,107451.0,2993.0,45910930,234.04,6.52,2.78546
UGA,Uganda,2022,27291.0,333.0,47312719,57.68,0.7,1.22018
UGA,Uganda,2023,1998.0,2.0,48656601,4.11,0.0,0.1001
UGA,Uganda,2024,275.0,0.0,50015092,0.55,0.0,0.0
UKR,Ukraine,2020,988108.0,15278.0,44680014,2211.52,34.19,1.54619
UKR,Ukraine,2021,2617976.0,77255.0,44298640,5909.83,174.4,2.95094
UKR,Ukraine,2022,1709592.0,15716.0,41048766,4164.78,38.29,0.919284
UKR,Ukraine,2023,210004.0,1669.0,37732836,556.56,4.42,0.794747
UKR,Ukraine,2024,16060.0,7.0,37860221,42.42,0.02,0.0435865
URY,Uruguay,2020,17991.0,168.0,3398968,529.31,4.94,0.9338
URY,Uruguay,2021,392349.0,6001.0,3396695,11550.9,176.67,1.52951
URY,Uruguay,2022,601677.0,1394.0,3390913,17743.8,41.11,0.231686
URY,Uruguay,2023,25905.0,63.0,3388081,764.59,1.86,0.243196
URY,Uruguay,2024,4669.0,69.0,3386588,137.87,2.04,1.47783
USA,United States,2020,19577585.0,352004.0,331577720,5904.37,106.16,1.79799
USA,United States,2021,33956701.0,467051.0,332099760,10224.8,140.64,1.37543
USA,United States,2022,45877410.0,265838.0,334017321,13735.0,79.59,0.579453
USA,United States,2023,4025133.0,82041.0,336806231,1195.09,24.36,2.03822
USA,United States,2024,,48384.0,340110988,,14.23,0.0
UZB,Uzbekistan,2020,9.0,0.0,33586372,0.03,0.0,0.0
UZB,Uzbekistan,2021,116776.0,860.0,34243696,341.01,2.51,0.736453
UZB,Uzbekistan,2022,50507.0,156.0,34938955,144.56,0.45,0.308868
UZB,Uzbekistan,2023,7789.0,0.0,35652307,21.85,0.0,0.0
UZB,Uzbekistan,2024,1.0,0.0,36361859,0.0,0.0,0.0
VCT,Saint Vincent and the Grenadines,2020,115.0,0.0,103526,111.08,0.0,0.0
VCT,Saint Vincent and the Grenadines,2021,5837.0,83.0,102841,5675.75,80.71,1.42196
VCT,Saint Vincent and the Grenadines,2022,3783.0,36.0,102046,3707.15,35.28,0.951626
VCT,Saint Vincent and the Grenadines,2023,136.0,5.0,101323,134.22,4.93,3.67647
VCT,Saint Vincent and the Grenadines,2024,0.0,0.0,100616,0.0,0.0,0.0
VUT,Vanuatu,2020,1.0,0.0,298858,0.33,0.0,0.0
VUT,Vanuatu,2021,6.0,0.0,305868,1.96,0.0,0.0
VUT,Vanuatu,2022,12007.0,14.0,313046,3835.54,4.47,0.116599
VUT,Vanuatu,2023,5.0,0.0,320409,1.56,0.0,0.0
VUT,Vanuatu,2024,0.0,0.0,327777,0.0,0.0,0.0
WSM,Samoa,2020,1.0,0.0,211944,0.47,0.0,0.0
WSM,Samoa,2021,1.0,0.0,213779,0.47,0.0,0.0
WSM,Samoa,2022,16277.0,29.0,215261,7561.52,13.47,0.178165
WSM,Samoa,2023,703.0,2.0,216663,324.47,0.92,0.284495
WSM,Samoa,2024,95.0,0.0,218019,43.57,0.0,0.0
YEM,Yemen,2020,2101.0,611.0,36134863,5.81,1.69,29.0814
YEM,Yemen,2021,8025.0,1373.0,37140230,21.61,3.7,17.109
YEM,Yemen,2022,1819.0,175.0,38222876,4.76,0.46,9.62067
YEM,Yemen,2023,0.0,0.0,39390799,0.0,0.0,0.0
YEM,Yemen,2024,0.0,0.0,40583164,0.0,0.0,0.0
ZAF,South Africa,2020,1039161.0,28033.0,60562381,1715.85,46.29,2.69766
ZAF,South Africa,2021,2407371.0,63028.0,61502603,3914.26,102.48,2.61813
ZAF,South Africa,2022,602048.0,11507.0,62378410,965.15,18.45,1.91131
ZAF,South Africa,2023,24056.0,27.0,63212384,38.06,0.04,0.112238
ZAF,South Africa,2024,237.0,0.0,64007187,0.37,0.0,0.0
ZMB,Zambia,2020,20462.0,386.0,19059395,107.36,2.03,1.88642
ZMB,Zambia,2021,228731.0,3344.0,19603607,1166.78,17.06,1.46198
ZMB,Zambia,2022,85003.0,293.0,20152938,421.79,1.45,0.344694
ZMB,Zambia,2023,15108.0,46.0,20723965,72.9,0.22,0.304474
ZMB,Zambia,2024,588.0,9.0,21314956,2.76,0.04,1.53061
ZWE,Zimbabwe,2020,13625.0,360.0,15526888,87.75,2.32,2.6422
ZWE,Zimbabwe,2021,198103.0,4637.0,15797210,1254.04,29.35,2.3407
ZWE,Zimbabwe,2022,48372.0,640.0,16069056,301.03,3.98,1.32308
ZWE,Zimbabwe,2023,5972.0,94.0,16340822,36.55,0.58,1.57401
ZWE,Zimbabwe,2024,331.0,9.0,16634373,1.99,0.05,2.71903
